{"schemaVersion":"1.0","appDefinitionTemplate":{"id":"/providers/Microsoft.PowerApps/apps/","type":"Microsoft.PowerApps/apps","tags":{"primaryDeviceWidth":"1366","primaryDeviceHeight":"768","supportsPortrait":"true","supportsLandscape":"true","primaryFormFactor":"Tablet","showStatusBar":"false","publisherVersion":"3.25042.10","minimumRequiredApiVersion":"2.2.0","hasComponent":"false","hasUnlockedComponent":"false","isUnifiedRootApp":"false","sienaVersion":"20250427T211252Z-3.25042.10.0"},"properties":{"appVersion":"2025-04-27T21:12:52Z","lifeCycleId":"Published","createdByClientVersion":{"major":3,"minor":25042,"build":10,"revision":0,"majorRevision":0,"minorRevision":0},"minClientVersion":{"major":3,"minor":25042,"build":10,"revision":0,"majorRevision":0,"minorRevision":0},"backgroundColor":"RGBA(0,176,240,1)","backgroundImageUri":"/10750234620737626320/N27312fda-6b9a-4cb7-851a-954b1e1e1bde-logoSmallFile","displayName":"Recruitment Tracker","description":"","commitMessage":"","appUris":{"documentUri":{"value":"/10750234620737626320/Nce4bdd03-3cce-4da3-b824-d1757fe09cb2-document.msapp"},"imageUris":[],"additionalUris":[{"isSolutionAware":false,"value":"/10750234620737626320/Nd5579b7c-66be-4f82-b6ed-546147b5759e-identity.json"}]},"createdTime":"0001-01-01T00:00:00Z","lastModifiedTime":"0001-01-01T00:00:00Z","sharedGroupsCount":0,"sharedUsersCount":0,"connectionReferences":{"c0b40f10-bade-441e-a126-6544d44af829":{"id":"bd6876d2-94ce-4b5d-9b58-3547671c25a9","displayName":"Office 365 Outlook","iconUri":"https://conn-afd-prod-endpoint-bmc9bqahasf3grgk.b01.azurefd.net/releases/v1.0.1747/1.0.1748.4181/office365/icon.png","dataSources":["Office365Outlook"],"dependencies":[],"dependents":[],"parameterHints":{},"parameterHintsV2":{},"isOnPremiseConnection":false,"bypassConsent":false,"dataSets":{},"apiTier":"Standard","isCustomApiConnection":false}},"databaseReferences":{},"almMode":"Environment","performanceOptimizationEnabled":true,"canConsumeAppPass":true,"enableModernRuntimeMode":false,"executionRestrictions":{"isTeamsOnly":false,"dataLossPreventionEvaluationResult":{"status":"Compliant","lastEvaluationDate":"2025-04-27T21:13:00.4111533Z","violations":[],"violationsByPolicy":[],"violationErrorMessage":"The app uses the following connectors: shared_office365."}}},"isAppComponentLibrary":false,"appType":"ClassicCanvasApp","appComponents":[]}}